ContactID Source,ContactID Match,Accuracy,Score
451,951,High,1.000
455,955,High,1.000
457,957,High,1.000
459,959,High,1.000
462,962,High,1.000
463,963,High,1.000
466,966,High,1.000
469,969,High,1.000
472,972,High,1.000
473,973,High,1.000
475,975,High,1.000
476,976,High,1.000
477,977,High,1.000
479,979,High,1.000
482,982,High,1.000
483,983,High,1.000
485,985,High,1.000
487,987,High,1.000
489,989,High,1.000
492,992,High,1.000
496,996,High,1.000
8,508,High,0.940
9,509,High,0.940
10,510,High,0.940
17,517,High,0.940
20,520,High,0.940
22,522,High,0.940
24,524,High,0.940
28,528,High,0.940
29,529,High,0.940
31,531,High,0.940
32,532,High,0.940
33,533,High,0.940
39,539,High,0.940
40,540,High,0.940
41,541,High,0.940
45,545,High,0.940
46,546,High,0.940
48,548,High,0.940
57,557,High,0.940
59,559,High,0.940
62,562,High,0.940
63,563,High,0.940
65,565,High,0.940
66,566,High,0.940
73,573,High,0.940
76,576,High,0.940
77,577,High,0.940
78,578,High,0.940
79,579,High,0.940
80,580,High,0.940
82,582,High,0.940
85,585,High,0.940
86,586,High,0.940
89,589,High,0.940
90,590,High,0.940
94,594,High,0.940
95,595,High,0.940
96,596,High,0.940
97,597,High,0.940
98,598,High,0.940
450,950,High,0.934
452,952,High,0.934
453,953,High,0.934
454,954,High,0.934
456,956,High,0.934
458,958,High,0.934
460,960,High,0.934
461,961,High,0.934
464,964,High,0.934
465,965,High,0.934
467,967,High,0.934
468,968,High,0.934
470,970,High,0.934
471,971,High,0.934
474,974,High,0.934
478,978,High,0.934
480,980,High,0.934
481,981,High,0.934
484,984,High,0.934
486,986,High,0.934
488,988,High,0.934
490,990,High,0.934
491,991,High,0.934
493,993,High,0.934
494,994,High,0.934
495,995,High,0.934
497,997,High,0.934
498,998,High,0.934
499,999,High,0.934
500,1000,High,0.934
101,601,High,0.920
103,603,High,0.920
104,604,High,0.920
105,605,High,0.920
106,606,High,0.920
107,607,High,0.920
110,610,High,0.920
111,611,High,0.920
112,612,High,0.920
114,614,High,0.920
116,616,High,0.920
118,618,High,0.920
119,619,High,0.920
120,620,High,0.920
121,621,High,0.920
124,624,High,0.920
125,625,High,0.920
126,626,High,0.920
127,627,High,0.920
129,629,High,0.920
131,631,High,0.920
135,635,High,0.920
139,639,High,0.920
146,646,High,0.920
153,653,High,0.920
154,654,High,0.920
155,655,High,0.920
156,656,High,0.920
158,658,High,0.920
159,659,High,0.920
161,661,High,0.920
163,663,High,0.920
164,664,High,0.920
166,666,High,0.920
167,667,High,0.920
169,669,High,0.920
170,670,High,0.920
173,673,High,0.920
176,676,High,0.920
179,679,High,0.920
184,684,High,0.920
189,689,High,0.920
192,692,High,0.920
193,693,High,0.920
194,694,High,0.920
195,695,High,0.920
198,698,High,0.920
1,501,High,0.887
2,502,High,0.887
3,503,High,0.887
4,504,High,0.887
5,505,High,0.887
6,506,High,0.887
7,507,High,0.887
11,511,High,0.887
12,512,High,0.887
13,513,High,0.887
14,514,High,0.887
15,515,High,0.887
16,516,High,0.887
18,518,High,0.887
19,519,High,0.887
21,521,High,0.887
23,523,High,0.887
25,525,High,0.887
26,526,High,0.887
27,527,High,0.887
30,530,High,0.887
34,534,High,0.887
35,535,High,0.887
36,536,High,0.887
37,537,High,0.887
38,538,High,0.887
42,542,High,0.887
43,543,High,0.887
44,544,High,0.887
47,547,High,0.887
49,549,High,0.887
50,550,High,0.887
51,551,High,0.887
52,552,High,0.887
53,553,High,0.887
54,554,High,0.887
55,555,High,0.887
56,556,High,0.887
58,558,High,0.887
60,560,High,0.887
61,561,High,0.887
64,564,High,0.887
67,567,High,0.887
68,568,High,0.887
69,569,High,0.887
70,570,High,0.887
71,571,High,0.887
72,572,High,0.887
74,574,High,0.887
75,575,High,0.887
81,581,High,0.887
83,583,High,0.887
84,584,High,0.887
87,587,High,0.887
88,588,High,0.887
91,591,High,0.887
92,592,High,0.887
93,593,High,0.887
99,599,High,0.887
100,600,High,0.867
102,602,High,0.867
108,608,High,0.867
109,609,High,0.867
113,613,High,0.867
115,615,High,0.867
117,617,High,0.867
122,622,High,0.867
123,623,High,0.867
128,628,High,0.867
130,630,High,0.867
132,632,High,0.867
133,633,High,0.867
134,634,High,0.867
136,636,High,0.867
137,637,High,0.867
138,638,High,0.867
140,640,High,0.867
141,641,High,0.867
142,642,High,0.867
143,643,High,0.867
144,644,High,0.867
145,645,High,0.867
147,647,High,0.867
148,648,High,0.867
149,649,High,0.867
150,650,High,0.867
151,651,High,0.867
152,652,High,0.867
157,657,High,0.867
160,660,High,0.867
162,662,High,0.867
165,665,High,0.867
168,668,High,0.867
171,671,High,0.867
172,672,High,0.867
174,674,High,0.867
175,675,High,0.867
177,677,High,0.867
178,678,High,0.867
180,680,High,0.867
181,681,High,0.867
182,682,High,0.867
183,683,High,0.867
185,685,High,0.867
186,686,High,0.867
187,687,High,0.867
188,688,High,0.867
190,690,High,0.867
191,691,High,0.867
196,696,High,0.867
197,697,High,0.867
199,699,High,0.867
203,703,High,0.860
208,708,High,0.860
209,709,High,0.860
210,710,High,0.860
212,712,High,0.860
213,713,High,0.860
214,714,High,0.860
217,717,High,0.860
218,718,High,0.860
221,721,High,0.860
223,723,High,0.860
224,724,High,0.860
225,725,High,0.860
227,727,High,0.860
231,731,High,0.860
232,732,High,0.860
235,735,High,0.860
237,737,High,0.860
239,739,High,0.860
242,742,High,0.860
246,746,High,0.860
247,747,High,0.860
248,748,High,0.860
250,750,High,0.860
253,753,High,0.860
258,758,High,0.860
259,759,High,0.860
260,760,High,0.860
262,762,High,0.860
263,763,High,0.860
265,765,High,0.860
267,767,High,0.860
270,770,High,0.860
275,775,High,0.860
278,778,High,0.860
281,781,High,0.860
282,782,High,0.860
286,786,High,0.860
287,787,High,0.860
289,789,High,0.860
290,790,High,0.860
291,791,High,0.860
293,793,High,0.860
295,795,High,0.860
299,799,High,0.860
303,803,High,0.860
304,804,High,0.860
305,805,High,0.860
308,808,High,0.860
316,816,High,0.860
319,819,High,0.860
323,823,High,0.860
330,830,High,0.860
331,831,High,0.860
334,834,High,0.860
340,840,High,0.860
341,841,High,0.860
342,842,High,0.860
343,843,High,0.860
345,845,High,0.860
347,847,High,0.860
350,850,High,0.860
353,853,High,0.860
354,854,High,0.860
355,855,High,0.860
357,857,High,0.860
361,861,High,0.860
362,862,High,0.860
365,865,High,0.860
369,869,High,0.860
371,871,High,0.860
374,874,High,0.860
376,876,High,0.860
380,880,High,0.860
381,881,High,0.860
384,884,High,0.860
385,885,High,0.860
386,886,High,0.860
389,889,High,0.860
393,893,High,0.860
395,895,High,0.860
200,700,Medium,0.807
201,701,Medium,0.807
202,702,Medium,0.807
204,704,Medium,0.807
205,705,Medium,0.807
206,706,Medium,0.807
207,707,Medium,0.807
211,711,Medium,0.807
215,715,Medium,0.807
216,716,Medium,0.807
219,719,Medium,0.807
220,720,Medium,0.807
222,722,Medium,0.807
226,726,Medium,0.807
228,728,Medium,0.807
229,729,Medium,0.807
230,730,Medium,0.807
233,733,Medium,0.807
234,734,Medium,0.807
236,736,Medium,0.807
238,738,Medium,0.807
240,740,Medium,0.807
241,741,Medium,0.807
243,743,Medium,0.807
244,744,Medium,0.807
245,745,Medium,0.807
249,749,Medium,0.807
251,751,Medium,0.807
252,752,Medium,0.807
254,754,Medium,0.807
255,755,Medium,0.807
256,756,Medium,0.807
257,757,Medium,0.807
261,761,Medium,0.807
264,764,Medium,0.807
266,766,Medium,0.807
268,768,Medium,0.807
269,769,Medium,0.807
271,771,Medium,0.807
272,772,Medium,0.807
273,773,Medium,0.807
274,774,Medium,0.807
276,776,Medium,0.807
277,777,Medium,0.807
279,779,Medium,0.807
280,780,Medium,0.807
283,783,Medium,0.807
284,784,Medium,0.807
285,785,Medium,0.807
288,788,Medium,0.807
292,792,Medium,0.807
294,794,Medium,0.807
296,796,Medium,0.807
297,797,Medium,0.807
298,798,Medium,0.807
300,800,Medium,0.807
301,801,Medium,0.807
302,802,Medium,0.807
306,806,Medium,0.807
307,807,Medium,0.807
309,809,Medium,0.807
310,810,Medium,0.807
311,811,Medium,0.807
312,812,Medium,0.807
313,813,Medium,0.807
314,814,Medium,0.807
315,815,Medium,0.807
317,817,Medium,0.807
318,818,Medium,0.807
320,820,Medium,0.807
321,821,Medium,0.807
322,822,Medium,0.807
324,824,Medium,0.807
325,825,Medium,0.807
326,826,Medium,0.807
327,827,Medium,0.807
328,828,Medium,0.807
329,829,Medium,0.807
332,832,Medium,0.807
333,833,Medium,0.807
335,835,Medium,0.807
336,836,Medium,0.807
337,837,Medium,0.807
338,838,Medium,0.807
339,839,Medium,0.807
344,844,Medium,0.807
346,846,Medium,0.807
348,848,Medium,0.807
349,849,Medium,0.807
351,851,Medium,0.807
352,852,Medium,0.807
356,856,Medium,0.807
358,858,Medium,0.807
359,859,Medium,0.807
360,860,Medium,0.807
363,863,Medium,0.807
364,864,Medium,0.807
366,866,Medium,0.807
367,867,Medium,0.807
368,868,Medium,0.807
370,870,Medium,0.807
372,872,Medium,0.807
373,873,Medium,0.807
375,875,Medium,0.807
377,877,Medium,0.807
378,878,Medium,0.807
379,879,Medium,0.807
382,882,Medium,0.807
383,883,Medium,0.807
387,887,Medium,0.807
388,888,Medium,0.807
390,890,Medium,0.807
391,891,Medium,0.807
392,892,Medium,0.807
394,894,Medium,0.807
396,896,Medium,0.807
397,897,Medium,0.807
398,898,Medium,0.807
399,899,Medium,0.807
402,902,Medium,0.745
406,906,Medium,0.745
412,912,Medium,0.745
413,913,Medium,0.745
414,914,Medium,0.745
418,918,Medium,0.745
419,919,Medium,0.745
421,921,Medium,0.745
423,923,Medium,0.745
424,924,Medium,0.745
432,932,Medium,0.745
433,933,Medium,0.745
438,938,Medium,0.745
439,939,Medium,0.745
440,940,Medium,0.745
441,941,Medium,0.745
447,947,Medium,0.745
448,948,Medium,0.745
409,909,Medium,0.709
400,900,Medium,0.655
401,901,Medium,0.655
403,903,Medium,0.655
407,907,Medium,0.655
408,908,Medium,0.655
410,910,Medium,0.655
411,911,Medium,0.655
415,915,Medium,0.655
416,916,Medium,0.655
417,917,Medium,0.655
420,920,Medium,0.655
422,922,Medium,0.655
425,925,Medium,0.655
426,926,Medium,0.655
429,929,Medium,0.655
430,930,Medium,0.655
431,931,Medium,0.655
434,934,Medium,0.655
435,935,Medium,0.655
436,936,Medium,0.655
437,937,Medium,0.655
442,942,Medium,0.655
443,943,Medium,0.655
444,944,Medium,0.655
445,945,Medium,0.655
446,946,Medium,0.655
449,949,Medium,0.655
428,928,Low,0.600
796,983,Low,0.591
741,964,Low,0.564
574,964,Low,0.547
660,873,Low,0.537
483,796,Low,0.534
783,964,Low,0.524
36,618,Low,0.509
88,880,Low,0.509
111,774,Low,0.509
115,852,Low,0.509
153,704,Low,0.509
186,883,Low,0.509
198,811,Low,0.509
204,653,Low,0.509
263,857,Low,0.509
267,813,Low,0.509
274,611,Low,0.509
311,698,Low,0.509
313,767,Low,0.509
352,615,Low,0.509
357,763,Low,0.509
383,686,Low,0.509
411,651,Low,0.509
421,867,Low,0.509
441,831,Low,0.509
464,741,Low,0.509
536,618,Low,0.509
588,880,Low,0.509
611,774,Low,0.509
615,852,Low,0.509
653,704,Low,0.509
686,883,Low,0.509
698,811,Low,0.509
763,857,Low,0.509
767,813,Low,0.509
14,912,Low,0.488
17,922,Low,0.488
27,942,Low,0.488
30,948,Low,0.488
34,933,Low,0.488
42,915,Low,0.488
56,900,Low,0.488
56,925,Low,0.488
64,909,Low,0.488
67,924,Low,0.488
69,943,Low,0.488
70,921,Low,0.488
82,913,Low,0.488
88,909,Low,0.488
89,948,Low,0.488
97,917,Low,0.488
105,926,Low,0.488
106,928,Low,0.488
113,909,Low,0.488
116,947,Low,0.488
118,903,Low,0.488
119,919,Low,0.488
132,941,Low,0.488
135,924,Low,0.488
138,927,Low,0.488
148,926,Low,0.488
150,901,Low,0.488
152,930,Low,0.488
168,905,Low,0.488
173,931,Low,0.488
179,927,Low,0.488
186,917,Low,0.488
191,917,Low,0.488
196,904,Low,0.488
198,919,Low,0.488
201,901,Low,0.488
204,948,Low,0.488
215,915,Low,0.488
224,923,Low,0.488
224,940,Low,0.488
225,918,Low,0.488
226,949,Low,0.488
228,911,Low,0.488
229,921,Low,0.488
232,939,Low,0.488
242,930,Low,0.488
246,919,Low,0.488
247,914,Low,0.488
249,910,Low,0.488
266,904,Low,0.488
267,930,Low,0.488
286,903,Low,0.488
288,907,Low,0.488
289,931,Low,0.488
303,943,Low,0.488
304,919,Low,0.488
307,917,Low,0.488
313,926,Low,0.488
319,933,Low,0.488
323,914,Low,0.488
324,914,Low,0.488
340,910,Low,0.488
342,948,Low,0.488
350,930,Low,0.488
351,936,Low,0.488
358,949,Low,0.488
360,916,Low,0.488
361,944,Low,0.488
368,926,Low,0.488
391,921,Low,0.488
396,929,Low,0.488
399,929,Low,0.488
400,925,Low,0.488
404,904,Low,0.488
405,905,Low,0.488
423,940,Low,0.488
425,900,Low,0.488
427,927,Low,0.488
440,923,Low,0.488
452,912,Low,0.488
453,921,Low,0.488
456,918,Low,0.488
463,930,Low,0.488
465,932,Low,0.488
468,921,Low,0.488
469,911,Low,0.488
473,949,Low,0.488
476,920,Low,0.488
478,913,Low,0.488
487,930,Low,0.488
495,904,Low,0.488
499,919,Low,0.488
514,912,Low,0.488
517,922,Low,0.488
527,942,Low,0.488
530,948,Low,0.488
534,933,Low,0.488
542,915,Low,0.488
556,900,Low,0.488
556,925,Low,0.488
564,909,Low,0.488
567,924,Low,0.488
569,943,Low,0.488
570,921,Low,0.488
582,913,Low,0.488
588,909,Low,0.488
589,948,Low,0.488
597,917,Low,0.488
605,926,Low,0.488
606,928,Low,0.488
613,909,Low,0.488
616,947,Low,0.488
618,903,Low,0.488
619,919,Low,0.488
632,941,Low,0.488
635,924,Low,0.488
638,927,Low,0.488
648,926,Low,0.488
650,901,Low,0.488
652,930,Low,0.488
668,905,Low,0.488
673,931,Low,0.488
679,927,Low,0.488
686,917,Low,0.488
691,917,Low,0.488
696,904,Low,0.488
698,919,Low,0.488
701,901,Low,0.488
704,948,Low,0.488
715,915,Low,0.488
724,923,Low,0.488
724,940,Low,0.488
725,918,Low,0.488
726,949,Low,0.488
728,911,Low,0.488
729,921,Low,0.488
732,939,Low,0.488
742,930,Low,0.488
746,919,Low,0.488
747,914,Low,0.488
749,910,Low,0.488
766,904,Low,0.488
767,930,Low,0.488
786,903,Low,0.488
788,907,Low,0.488
789,931,Low,0.488
803,943,Low,0.488
804,919,Low,0.488
807,917,Low,0.488
813,926,Low,0.488
819,933,Low,0.488
823,914,Low,0.488
824,914,Low,0.488
840,910,Low,0.488
842,948,Low,0.488
850,930,Low,0.488
851,936,Low,0.488
858,949,Low,0.488
860,916,Low,0.488
861,944,Low,0.488
868,926,Low,0.488
891,921,Low,0.488
896,929,Low,0.488
899,929,Low,0.488
900,925,Low,0.488
923,940,Low,0.488
464,574,Low,0.475
51,728,Low,0.473
147,599,Low,0.473
160,873,Low,0.473
171,582,Low,0.473
204,831,Low,0.473
228,551,Low,0.473
331,704,Low,0.473
411,736,Low,0.473
464,783,Low,0.473
551,728,Low,0.473
582,671,Low,0.473
599,647,Low,0.473
704,831,Low,0.473
626,951,Low,0.467
698,999,Low,0.467
5,645,Low,0.443
64,613,Low,0.443
210,684,Low,0.443
283,656,Low,0.443
36,328,Low,0.427
155,362,Low,0.427
155,862,Low,0.427
160,373,Low,0.427
223,291,Low,0.427
223,791,Low,0.427
291,723,Low,0.427
362,655,Low,0.427
411,467,Low,0.427
536,828,Low,0.427
655,862,Low,0.427
723,791,Low,0.427
218,612,Low,0.406
451,626,Low,0.406
499,698,Low,0.406
16,996,Low,0.402
26,996,Low,0.402
49,993,Low,0.402
77,975,Low,0.402
106,982,Low,0.402
133,972,Low,0.402
133,974,Low,0.402
151,967,Low,0.402
184,967,Low,0.402
226,980,Low,0.402
236,967,Low,0.402
241,964,Low,0.402
246,967,Low,0.402
250,996,Low,0.402
263,955,Low,0.402
267,967,Low,0.402
283,964,Low,0.402
313,967,Low,0.402
357,955,Low,0.402
367,980,Low,0.402
378,998,Low,0.402
411,967,Low,0.402
421,980,Low,0.402
428,998,Low,0.402
472,974,Low,0.402
474,972,Low,0.402
516,996,Low,0.402
526,996,Low,0.402
549,993,Low,0.402
577,975,Low,0.402
606,982,Low,0.402
633,972,Low,0.402
633,974,Low,0.402
651,967,Low,0.402
684,967,Low,0.402
726,980,Low,0.402
736,967,Low,0.402
746,967,Low,0.402
750,996,Low,0.402
763,955,Low,0.402
767,967,Low,0.402
813,967,Low,0.402
857,955,Low,0.402
867,980,Low,0.402
878,998,Low,0.402
972,974,Low,0.402
